"n","true_dist","assumed_dist","parameter","true_value","mean_estimate","bias","mean_abs_error","parameter_mse","parameter_rmse","true_dist_label","assumed_dist_label"
500,"ged","ged","alpha1",0.15,0.158610512673685,0.00861051267368527,0.0403913252385078,0.00264713817894512,0.0514503467329922,"GED","GED"
500,"ged","ged","beta1",0.9,0.884013983415861,-0.0159860165841395,0.0453476065723794,0.00525677418169017,0.0725036149560156,"GED","GED"
500,"ged","ged","gamma1",0.1,0.0729408031819,-0.0270591968181,0.0626443535960032,0.0064898895597794,0.0805598507929316,"GED","GED"
500,"ged","ged","mu",0,0.00100108077099628,0.00100108077099628,0.0204734127203148,0.000660234510688316,0.0256950289100502,"GED","GED"
500,"ged","ged","omega",-0.1,-0.117513351071454,-0.0175133510714544,0.0469495788326489,0.0058252193766948,0.0763231247833499,"GED","GED"
500,"ged","ged","shape",1.5,1.52896447995152,0.0289644799515221,0.118910319492596,0.0226997861307002,0.150664481981322,"GED","GED"
500,"ged","ged","skew",NA,NA,NA,NA,NA,NA,"GED","GED"
500,"ged","norm","alpha1",0.15,0.158952111378317,0.00895211137831662,0.0404691807796514,0.00266847637702004,0.0516572974227266,"GED","Normal"
500,"ged","norm","beta1",0.9,0.883220169610601,-0.0167798303893989,0.0464739661018951,0.00606953772336252,0.0779072379395042,"GED","Normal"
500,"ged","norm","gamma1",0.1,0.0744426875840287,-0.0255573124159713,0.0630642177468236,0.00661012701745827,0.0813026876398208,"GED","Normal"
500,"ged","norm","mu",0,0.00104671823027222,0.00104671823027222,0.0212558803402942,0.000704141126056182,0.0265356576337611,"GED","Normal"
500,"ged","norm","omega",-0.1,-0.116192614092612,-0.0161926140926116,0.047458756681188,0.00641847382115117,0.0801153781814152,"GED","Normal"
500,"ged","norm","shape",1.5,NA,NA,NA,NA,NA,"GED","Normal"
500,"ged","norm","skew",NA,NA,NA,NA,NA,NA,"GED","Normal"
500,"ged","sged","alpha1",0.15,0.158622645480189,0.00862264548018887,0.0405895037389444,0.00267581886278338,0.0517283178035336,"GED","Skewed GED"
500,"ged","sged","beta1",0.9,0.883768394004675,-0.0162316059953246,0.0459880291526463,0.00584847897917857,0.0764753488333238,"GED","Skewed GED"
500,"ged","sged","gamma1",0.1,0.0729786909952404,-0.0270213090047596,0.0623082789596277,0.00641592834774656,0.0800994903089062,"GED","Skewed GED"
500,"ged","sged","mu",0,0.00105787386499153,0.00105787386499153,0.0213731627708123,0.000715570503303131,0.0267501495940328,"GED","Skewed GED"
500,"ged","sged","omega",-0.1,-0.1177820844641,-0.0177820844640998,0.0477896642735703,0.00643725288390436,0.0802324926940723,"GED","Skewed GED"
500,"ged","sged","shape",1.5,1.52944287488402,0.0294428748840221,0.119981741870511,0.0231724980689102,0.152225155834738,"GED","Skewed GED"
500,"ged","sged","skew",NA,1.00312687723946,NA,NA,NA,NA,"GED","Skewed GED"
500,"ged","sstd","alpha1",0.15,0.159454237776518,0.00945423777651806,0.0414011021917896,0.00275503826457584,0.052488458393973,"GED","Skewed Student-t"
500,"ged","sstd","beta1",0.9,0.883468203157579,-0.0165317968424207,0.0463843081969262,0.00577382458725968,0.0759856867262492,"GED","Skewed Student-t"
500,"ged","sstd","gamma1",0.1,0.073262577717001,-0.026737422282999,0.0625948777758698,0.00644333065278886,0.080270359739999,"GED","Skewed Student-t"
500,"ged","sstd","mu",0,0.00105149119317019,0.00105149119317019,0.021666003273764,0.000728519911057243,0.026991107999807,"GED","Skewed Student-t"
500,"ged","sstd","omega",-0.1,-0.11690569190866,-0.0169056919086603,0.0478673542589037,0.00630918916812692,0.0794304045572407,"GED","Skewed Student-t"
500,"ged","sstd","shape",1.5,12.6199382884712,11.1199382884712,11.1199382884712,210.815128091668,14.519474098316,"GED","Skewed Student-t"
500,"ged","sstd","skew",NA,1.0036480862999,NA,NA,NA,NA,"GED","Skewed Student-t"
500,"ged","std","alpha1",0.15,0.15921725957768,0.00921725957768013,0.0413740052179315,0.00274632386794602,0.0524053801431306,"GED","Student-t"
500,"ged","std","beta1",0.9,0.883881905149865,-0.0161180948501348,0.0457924705410868,0.00523116670987592,0.0723268049195865,"GED","Student-t"
500,"ged","std","gamma1",0.1,0.0728848780858497,-0.0271151219141503,0.0629754625309122,0.00656196219312427,0.0810059392459854,"GED","Student-t"
500,"ged","std","mu",0,0.000974480794518045,0.000974480794518045,0.0204905021107185,0.000658956833631223,0.0256701545307235,"GED","Student-t"
500,"ged","std","omega",-0.1,-0.116504260691917,-0.016504260691917,0.0470198536971947,0.00574732496687937,0.0758111137425073,"GED","Student-t"
500,"ged","std","shape",1.5,13.0408823196777,11.5408823196777,11.5408823196777,283.039839103163,16.8237878940256,"GED","Student-t"
500,"ged","std","skew",NA,NA,NA,NA,NA,NA,"GED","Student-t"
500,"norm","ged","alpha1",0.15,0.157555034691881,0.00755503469188117,0.0350295537361467,0.00201157056809925,0.0448505358730445,"Normal","GED"
500,"norm","ged","beta1",0.9,0.884674608723648,-0.015325391276352,0.0409963112632241,0.0040564989246576,0.0636906502138077,"Normal","GED"
500,"norm","ged","gamma1",0.1,0.0773574251911736,-0.0226425748088264,0.0570187831810923,0.00546376620247111,0.0739172929866287,"Normal","GED"
500,"norm","ged","mu",0,0.00166563809150018,0.00166563809150018,0.0214822495325746,0.000728541467889946,0.0269915073289719,"Normal","GED"
500,"norm","ged","omega",-0.1,-0.116411866448885,-0.016411866448885,0.042233408350456,0.00463765906767591,0.0681003602609847,"Normal","GED"
500,"norm","ged","shape",NA,2.06008242706471,NA,NA,NA,NA,"Normal","GED"
500,"norm","ged","skew",NA,NA,NA,NA,NA,NA,"Normal","GED"
500,"norm","norm","alpha1",0.15,0.157438778011713,0.00743877801171299,0.0349749189640434,0.00199843382532731,0.0447038457554528,"Normal","Normal"
500,"norm","norm","beta1",0.9,0.884617538321772,-0.0153824616782277,0.0411133069410451,0.00406838236030614,0.0637838722586371,"Normal","Normal"
500,"norm","norm","gamma1",0.1,0.07748044228292,-0.02251955771708,0.056918849225035,0.0054897729083846,0.0740930017503988,"Normal","Normal"
500,"norm","norm","mu",0,0.00156320117656818,0.00156320117656818,0.0213359174481519,0.000720517056839482,0.0268424487861946,"Normal","Normal"
500,"norm","norm","omega",-0.1,-0.116650516437477,-0.0166505164374773,0.0424923997001953,0.00467768383227796,0.0683935949653033,"Normal","Normal"
500,"norm","norm","shape",NA,NA,NA,NA,NA,NA,"Normal","Normal"
500,"norm","norm","skew",NA,NA,NA,NA,NA,NA,"Normal","Normal"
500,"norm","sged","alpha1",0.15,0.157467220017126,0.00746722001712638,0.0352647443835469,0.00202217667243018,0.0449686187516381,"Normal","Skewed GED"
500,"norm","sged","beta1",0.9,0.884370590386878,-0.0156294096131218,0.0413165254002254,0.00420395916434139,0.0648379454049971,"Normal","Skewed GED"
500,"norm","sged","gamma1",0.1,0.0771850486447138,-0.0228149513552862,0.0572369348107944,0.00552942850814642,0.0743601271391222,"Normal","Skewed GED"
500,"norm","sged","mu",0,0.00167853946094497,0.00167853946094497,0.0215107711871888,0.00072636674060459,0.0269511918215984,"Normal","Skewed GED"
500,"norm","sged","omega",-0.1,-0.116662795035165,-0.0166627950351654,0.0424672918410249,0.00476184782579418,0.0690061433916878,"Normal","Skewed GED"
500,"norm","sged","shape",NA,2.06089862977422,NA,NA,NA,NA,"Normal","Skewed GED"
500,"norm","sged","skew",NA,0.996762417556113,NA,NA,NA,NA,"Normal","Skewed GED"
500,"norm","sstd","alpha1",0.15,0.158204090526985,0.0082040905269851,0.0354233225364051,0.00204907237264213,0.0452666806011014,"Normal","Skewed Student-t"
500,"norm","sstd","beta1",0.9,0.880720600281524,-0.0192793997184764,0.0447977741175975,0.00676778945396594,0.0822665755575491,"Normal","Skewed Student-t"
500,"norm","sstd","gamma1",0.1,0.0777038117215574,-0.0222961882784426,0.0575493923389531,0.00560958786367453,0.074897181947484,"Normal","Skewed Student-t"
500,"norm","sstd","mu",0,0.00177372443227267,0.00177372443227267,0.0215188978842398,0.000727889487276969,0.0269794271117266,"Normal","Skewed Student-t"
500,"norm","sstd","omega",-0.1,-0.120440324283304,-0.0204403242833037,0.0461296123688332,0.00752748160359605,0.0867610604107398,"Normal","Skewed Student-t"
500,"norm","sstd","shape",NA,52.8197088064178,NA,NA,NA,NA,"Normal","Skewed Student-t"
500,"norm","sstd","skew",NA,0.997360915278203,NA,NA,NA,NA,"Normal","Skewed Student-t"
500,"norm","std","alpha1",0.15,0.158008269871396,0.00800826987139554,0.0351890468723182,0.00204173063881437,0.0451855135946729,"Normal","Student-t"
500,"norm","std","beta1",0.9,0.882441951060601,-0.017558048939399,0.0431081481282551,0.00498234004077587,0.0705856928901025,"Normal","Student-t"
500,"norm","std","gamma1",0.1,0.0777689805166913,-0.0222310194833087,0.0576947731689205,0.00565939240945139,0.0752289333265558,"Normal","Student-t"
500,"norm","std","mu",0,0.00185945425821206,0.00185945425821206,0.0214322681414849,0.000726652975682924,0.0269565015475474,"Normal","Student-t"
500,"norm","std","omega",-0.1,-0.118896732023116,-0.0188967320231161,0.0445423043377288,0.00565384527265899,0.0751920559145645,"Normal","Student-t"
500,"norm","std","shape",NA,79.7850082897836,NA,NA,NA,NA,"Normal","Student-t"
500,"norm","std","skew",NA,NA,NA,NA,NA,NA,"Normal","Student-t"
500,"sged","ged","alpha1",0.15,0.165415813524692,0.0154158135246922,0.055778275381346,0.00526768929297879,0.0725788487989359,"Skewed GED","GED"
500,"sged","ged","beta1",0.9,0.877834613761979,-0.0221653862380211,0.063577747019451,0.0114918677107212,0.107200129247689,"Skewed GED","GED"
500,"sged","ged","gamma1",0.1,0.0685153796560168,-0.0314846203439832,0.082668662382032,0.0114510115518798,0.107009399362298,"Skewed GED","GED"
500,"sged","ged","mu",0,0.0651065385674632,0.0651065385674632,0.0669283303763472,0.00602560476245632,0.0776247690009852,"Skewed GED","GED"
500,"sged","ged","omega",-0.1,-0.106485346531072,-0.00648534653107238,0.0631245157487553,0.00992385456613824,0.0996185452922208,"Skewed GED","GED"
500,"sged","ged","shape",1.5,1.50474586144951,0.00474586144951094,0.159997264477047,0.0435479009702046,0.208681338337199,"Skewed GED","GED"
500,"sged","ged","skew",0.5,NA,NA,NA,NA,NA,"Skewed GED","GED"
500,"sged","norm","alpha1",0.15,0.160200873040459,0.0102008730404588,0.0531974231106219,0.0046551856236762,0.0682289207277691,"Skewed GED","Normal"
500,"sged","norm","beta1",0.9,0.883392851081088,-0.0166071489189122,0.0648789069802717,0.0114100497347455,0.10681783434776,"Skewed GED","Normal"
500,"sged","norm","gamma1",0.1,0.0670213997427542,-0.0329786002572458,0.0821810617623045,0.0112830399375351,0.10622165474862,"Skewed GED","Normal"
500,"sged","norm","mu",0,0.00720394823286431,0.00720394823286431,0.0226654223918197,0.000831693131777875,0.0288390903424133,"Skewed GED","Normal"
500,"sged","norm","omega",-0.1,-0.11624371172876,-0.0162437117287605,0.0654921082259219,0.0113929783920045,0.106737895763428,"Skewed GED","Normal"
500,"sged","norm","shape",1.5,NA,NA,NA,NA,NA,"Skewed GED","Normal"
500,"sged","norm","skew",0.5,NA,NA,NA,NA,NA,"Skewed GED","Normal"
500,"sged","sged","alpha1",0.15,0.149967981500773,-3.20184992266104e-05,0.0330857663608792,0.00179170390709489,0.0423285235638439,"Skewed GED","Skewed GED"
500,"sged","sged","beta1",0.9,0.884036763024829,-0.0159632369751714,0.0410875914617552,0.00417949678498574,0.0646490277187966,"Skewed GED","Skewed GED"
500,"sged","sged","gamma1",0.1,0.0836006651878318,-0.0163993348121682,0.0492902783479476,0.0040322335603846,0.0634998705540775,"Skewed GED","Skewed GED"
500,"sged","sged","mu",0,0.000529002735676694,0.000529002735676694,0.0207664874324866,0.000693656036420893,0.0263373505960811,"Skewed GED","Skewed GED"
500,"sged","sged","omega",-0.1,-0.11682210463775,-0.0168221046377495,0.0418952643993739,0.00431875437333127,0.0657172304143386,"Skewed GED","Skewed GED"
500,"sged","sged","shape",1.5,1.53100814338182,0.0310081433818172,0.12021863358963,0.0237744722240728,0.154189728010892,"Skewed GED","Skewed GED"
500,"sged","sged","skew",0.5,0.492304737452009,-0.00769526254799058,0.0312876184617229,0.00156623821541616,0.039575727604381,"Skewed GED","Skewed GED"
500,"sged","sstd","alpha1",0.15,0.149319076989609,-0.000680923010390992,0.0330740960885768,0.00178930711603214,0.042300202316681,"Skewed GED","Skewed Student-t"
500,"sged","sstd","beta1",0.9,0.884416378001181,-0.0155836219988194,0.0414488376563038,0.00416129855531763,0.0645081278236908,"Skewed GED","Skewed Student-t"
500,"sged","sstd","gamma1",0.1,0.0832310465245309,-0.0167689534754691,0.0494994396099394,0.00404470668232725,0.0635980084776815,"Skewed GED","Skewed Student-t"
500,"sged","sstd","mu",0,-0.00279353870452942,-0.00279353870452942,0.0210110843192439,0.000709388234891418,0.0266343431473618,"Skewed GED","Skewed Student-t"
500,"sged","sstd","omega",-0.1,-0.117679984754577,-0.0176799847545767,0.0426724255269879,0.00438808940458514,0.0662426554765518,"Skewed GED","Skewed Student-t"
500,"sged","sstd","shape",1.5,13.3948918717632,11.8948918717632,11.8948918717632,255.941156754811,15.9981610429077,"Skewed GED","Skewed Student-t"
500,"sged","sstd","skew",0.5,0.490106811943054,-0.00989318805694587,0.031622923251832,0.00163331817277678,0.0404143312795941,"Skewed GED","Skewed Student-t"
500,"sged","std","alpha1",0.15,0.16647888511012,0.0164788851101201,0.0538155447061533,0.00496067032641414,0.070432026283603,"Skewed GED","Student-t"
500,"sged","std","beta1",0.9,0.877957621273864,-0.0220423787261356,0.0601305229323165,0.011835305470441,0.108790190138822,"Skewed GED","Student-t"
500,"sged","std","gamma1",0.1,0.0721586169776057,-0.0278413830223943,0.078323504401743,0.010265723082581,0.1013199046712,"Skewed GED","Student-t"
500,"sged","std","mu",0,0.06558551063024,0.06558551063024,0.0662160023370517,0.0055657402896557,0.074603889239474,"Skewed GED","Student-t"
500,"sged","std","omega",-0.1,-0.105290151400733,-0.00529015140073327,0.0596816837399372,0.0106058331941579,0.102984626008729,"Skewed GED","Student-t"
500,"sged","std","shape",1.5,7.81756635449196,6.31756635449196,6.31756635449196,76.1427958843352,8.72598394935122,"Skewed GED","Student-t"
500,"sged","std","skew",0.5,NA,NA,NA,NA,NA,"Skewed GED","Student-t"
500,"sstd","ged","alpha1",0.15,0.172022197159305,0.0220221971593052,0.0597991364600458,0.0063837401466932,0.0798983112881192,"Skewed Student-t","GED"
500,"sstd","ged","beta1",0.9,0.870950585780605,-0.029049414219395,0.0700699091830047,0.0166195231285864,0.128916729436433,"Skewed Student-t","GED"
500,"sstd","ged","gamma1",0.1,0.0779083520883936,-0.0220916479116065,0.090074021664508,0.0137720926213579,0.117354559440006,"Skewed Student-t","GED"
500,"sstd","ged","mu",0,0.0704326009775192,0.0704326009775192,0.0711017062014911,0.00640106948761537,0.0800066840183705,"Skewed Student-t","GED"
500,"sstd","ged","omega",-0.1,-0.113456373774099,-0.0134563737740993,0.0710187587414031,0.0160169761784821,0.126558192854047,"Skewed Student-t","GED"
500,"sstd","ged","shape",8,1.42139763272874,-6.57860236727126,6.57860236727126,43.3107867693406,6.58109312875457,"Skewed Student-t","GED"
500,"sstd","ged","skew",0.5,NA,NA,NA,NA,NA,"Skewed Student-t","GED"
500,"sstd","norm","alpha1",0.15,0.167750894233516,0.0177508942335156,0.059850085603821,0.00627257508499158,0.0791995901819674,"Skewed Student-t","Normal"
500,"sstd","norm","beta1",0.9,0.873248530066321,-0.0267514699336791,0.0764857204157068,0.0191390461431013,0.138343941475951,"Skewed Student-t","Normal"
500,"sstd","norm","gamma1",0.1,0.0756003345758443,-0.0243996654241557,0.0963046396910977,0.0155342598455019,0.12463651088466,"Skewed Student-t","Normal"
500,"sstd","norm","mu",0,0.00881575501645671,0.00881575501645671,0.0230579053726392,0.00087458605160844,0.0295734010828724,"Skewed Student-t","Normal"
500,"sstd","norm","omega",-0.1,-0.126423062268811,-0.0264230622688109,0.0779731094675783,0.0200118268261926,0.141463164202532,"Skewed Student-t","Normal"
500,"sstd","norm","shape",8,NA,NA,NA,NA,NA,"Skewed Student-t","Normal"
500,"sstd","norm","skew",0.5,NA,NA,NA,NA,NA,"Skewed Student-t","Normal"
500,"sstd","sged","alpha1",0.15,0.152137469980178,0.00213746998017844,0.0339937206886645,0.00190176357933398,0.0436092143856546,"Skewed Student-t","Skewed GED"
500,"sstd","sged","beta1",0.9,0.886572679099919,-0.0134273209000815,0.0408321318064866,0.00359362236988051,0.0599468295231742,"Skewed Student-t","Skewed GED"
500,"sstd","sged","gamma1",0.1,0.0861930793790786,-0.0138069206209214,0.0505724899067228,0.00408976896359967,0.063951301500436,"Skewed Student-t","Skewed GED"
500,"sstd","sged","mu",0,0.00208535715957802,0.00208535715957802,0.0207497137346922,0.000691318931143949,0.0262929445126245,"Skewed Student-t","Skewed GED"
500,"sstd","sged","omega",-0.1,-0.114247834289634,-0.0142478342896341,0.0422441547613568,0.00382231128414896,0.0618248435836999,"Skewed Student-t","Skewed GED"
500,"sstd","sged","shape",8,1.51617895345895,-6.48382104654105,6.48382104654105,42.0637311510854,6.48565579961544,"Skewed Student-t","Skewed GED"
500,"sstd","sged","skew",0.5,0.491837782818826,-0.00816221718117409,0.0338262513195245,0.00184371844463821,0.0429385426468833,"Skewed Student-t","Skewed GED"
500,"sstd","sstd","alpha1",0.15,0.152786969018166,0.00278696901816625,0.03339542069189,0.00181878368988917,0.0426472002585067,"Skewed Student-t","Skewed Student-t"
500,"sstd","sstd","beta1",0.9,0.8871407729101,-0.0128592270898999,0.039694142187385,0.00327413497205934,0.0572200574279626,"Skewed Student-t","Skewed Student-t"
500,"sstd","sstd","gamma1",0.1,0.088003497213406,-0.011996502786594,0.0497844009073009,0.0039719857366268,0.0630236918676366,"Skewed Student-t","Skewed Student-t"
500,"sstd","sstd","mu",0,0.000883707085625519,0.000883707085625519,0.020503785004056,0.000680249314463472,0.0260815895693394,"Skewed Student-t","Skewed Student-t"
500,"sstd","sstd","omega",-0.1,-0.113819128671377,-0.0138191286713769,0.0410624465290782,0.00354214656735905,0.0595159354069064,"Skewed Student-t","Skewed Student-t"
500,"sstd","sstd","shape",8,10.7326186541008,2.73261865410084,3.97285198709328,71.1485715113597,8.43496126318075,"Skewed Student-t","Skewed Student-t"
500,"sstd","sstd","skew",0.5,0.49068708310077,-0.00931291689922946,0.0334957110372719,0.00179993634320071,0.0424256566619859,"Skewed Student-t","Skewed Student-t"
500,"sstd","std","alpha1",0.15,0.172563337764236,0.0225633377642359,0.0552349360440524,0.00527327294764973,0.0726173047396399,"Skewed Student-t","Student-t"
500,"sstd","std","beta1",0.9,0.874463160082862,-0.0255368399171379,0.0625478500839441,0.0114177387480717,0.106853819529635,"Skewed Student-t","Student-t"
500,"sstd","std","gamma1",0.1,0.0834076718940536,-0.0165923281059464,0.0811418956703822,0.0113149554643111,0.106371779454473,"Skewed Student-t","Student-t"
500,"sstd","std","mu",0,0.0692422833337675,0.0692422833337675,0.0695517723965007,0.00589619048746667,0.0767866556601254,"Skewed Student-t","Student-t"
500,"sstd","std","omega",-0.1,-0.108873257300232,-0.00887325730023179,0.0629619897426747,0.0104928479223229,0.102434603149146,"Skewed Student-t","Student-t"
500,"sstd","std","shape",8,6.63066802144832,-1.36933197855168,2.56681568494652,15.5817426347921,3.94737161093202,"Skewed Student-t","Student-t"
500,"sstd","std","skew",0.5,NA,NA,NA,NA,NA,"Skewed Student-t","Student-t"
500,"std","ged","alpha1",0.15,0.159991281052529,0.00999128105252909,0.0400402609949115,0.00260411005327876,0.0510304816093162,"Student-t","GED"
500,"std","ged","beta1",0.9,0.880973432663012,-0.0190265673369884,0.0478227650988286,0.00580865460257231,0.0762145301276096,"Student-t","GED"
500,"std","ged","gamma1",0.1,0.0749248160417664,-0.0250751839582336,0.0642560602660029,0.00688556945267081,0.0829793314788135,"Student-t","GED"
500,"std","ged","mu",0,0.00162653862553037,0.00162653862553037,0.0204898830109323,0.00067065493447668,0.0258970062840607,"Student-t","GED"
500,"std","ged","omega",-0.1,-0.121434208924875,-0.0214342089248746,0.0502908297537136,0.00683165727986509,0.0826538400793641,"Student-t","GED"
500,"std","ged","shape",8,1.52944243506658,-6.47055756493342,6.47055756493342,41.8930300504312,6.47248252608157,"Student-t","GED"
500,"std","ged","skew",NA,NA,NA,NA,NA,NA,"Student-t","GED"
500,"std","norm","alpha1",0.15,0.161399209639131,0.0113992096391314,0.04276803250427,0.002996825671363,0.0547432705577864,"Student-t","Normal"
500,"std","norm","beta1",0.9,0.876808686972104,-0.0231913130278959,0.0529890545248107,0.00801017155389451,0.0894995617525276,"Student-t","Normal"
500,"std","norm","gamma1",0.1,0.0773216820435684,-0.0226783179564316,0.0686913870973652,0.00788932914101337,0.0888218956170908,"Student-t","Normal"
500,"std","norm","mu",0,0.00190043365683801,0.00190043365683801,0.020991353028908,0.000697373199153266,0.0264078245819921,"Student-t","Normal"
500,"std","norm","omega",-0.1,-0.122934893626896,-0.0229348936268962,0.0546176990402958,0.0089730737127632,0.0947263095067215,"Student-t","Normal"
500,"std","norm","shape",8,NA,NA,NA,NA,NA,"Student-t","Normal"
500,"std","norm","skew",NA,NA,NA,NA,NA,NA,"Student-t","Normal"
500,"std","sged","alpha1",0.15,0.160334040464737,0.0103340404647372,0.0404691588732922,0.0026857426179266,0.0518241509137062,"Student-t","Skewed GED"
500,"std","sged","beta1",0.9,0.879732635600099,-0.0202673643999015,0.0491243008725668,0.00673436964158128,0.0820632051627359,"Student-t","Skewed GED"
500,"std","sged","gamma1",0.1,0.0748939067932234,-0.0251060932067766,0.0651725085627848,0.00709464599070713,0.0842297215400071,"Student-t","Skewed GED"
500,"std","sged","mu",0,0.00189091810680437,0.00189091810680437,0.0212678528169789,0.000717328443808445,0.0267829879552011,"Student-t","Skewed GED"
500,"std","sged","omega",-0.1,-0.12262709021234,-0.0226270902123404,0.0516014577734451,0.00796186201461482,0.0892292665811774,"Student-t","Skewed GED"
500,"std","sged","shape",8,1.5305095154349,-6.4694904845651,6.4694904845651,41.8794557912445,6.47143382808204,"Student-t","Skewed GED"
500,"std","sged","skew",NA,1.00179734543627,NA,NA,NA,NA,"Student-t","Skewed GED"
500,"std","sstd","alpha1",0.15,0.160297353510823,0.0102973535108232,0.0403769734627229,0.00268025638683379,0.0517711926348408,"Student-t","Skewed Student-t"
500,"std","sstd","beta1",0.9,0.880483268701062,-0.0195167312989382,0.048373454758306,0.00638221911912103,0.0798887921996636,"Student-t","Skewed Student-t"
500,"std","sstd","gamma1",0.1,0.0754262917107278,-0.0245737082892722,0.0637197426429095,0.00680112254000298,0.0824689186300086,"Student-t","Skewed Student-t"
500,"std","sstd","mu",0,0.00177479758569325,0.00177479758569325,0.020963390537283,0.000695008911476077,0.0263630216681639,"Student-t","Skewed Student-t"
500,"std","sstd","omega",-0.1,-0.12104691717535,-0.02104691717535,0.0505553641413255,0.0074588033413609,0.0863643638392647,"Student-t","Skewed Student-t"
500,"std","sstd","shape",8,10.9153348960744,2.91533489607439,4.0557029684001,63.6790221788313,7.97991366988587,"Student-t","Skewed Student-t"
500,"std","sstd","skew",NA,1.00176889874261,NA,NA,NA,NA,"Student-t","Skewed Student-t"
500,"std","std","alpha1",0.15,0.160074469660626,0.0100744696606262,0.0398850678853579,0.00257867639578462,0.050780669509023,"Student-t","Student-t"
500,"std","std","beta1",0.9,0.880962524347653,-0.0190374756523474,0.0477438981792829,0.006128256256278,0.0782831799065291,"Student-t","Student-t"
500,"std","std","gamma1",0.1,0.0755410300249706,-0.0244589699750294,0.06330835028315,0.00670474840041175,0.081882528053375,"Student-t","Student-t"
500,"std","std","mu",0,0.00152142364940433,0.00152142364940433,0.0201266107447132,0.000646146746937123,0.02541941673086,"Student-t","Student-t"
500,"std","std","omega",-0.1,-0.120624105675186,-0.0206241056751856,0.0498918866806517,0.00717880282572706,0.0847278161274505,"Student-t","Student-t"
500,"std","std","shape",8,11.2056619267588,3.20566192675882,4.37082503849732,116.172251575065,10.7783232265072,"Student-t","Student-t"
500,"std","std","skew",NA,NA,NA,NA,NA,NA,"Student-t","Student-t"
1000,"ged","ged","alpha1",0.15,0.155160111310719,0.00516011131071942,0.0284771711961414,0.0012657967086241,0.0355780368854734,"GED","GED"
1000,"ged","ged","beta1",0.9,0.89112233423557,-0.00887766576443027,0.0282445303675408,0.00211853307508597,0.0460275251896728,"GED","GED"
1000,"ged","ged","gamma1",0.1,0.091871627311591,-0.00812837268840901,0.0367893934645104,0.00213639046455002,0.0462211041035371,"GED","GED"
1000,"ged","ged","mu",0,-0.000251999225331333,-0.000251999225331333,0.0143879853834523,0.000318082701031704,0.0178348731711696,"GED","GED"
1000,"ged","ged","omega",-0.1,-0.109378682713477,-0.0093786827134767,0.0293091266760161,0.00246672368877568,0.0496661221435264,"GED","GED"
1000,"ged","ged","shape",1.5,1.51634371640084,0.0163437164008427,0.0823476624620222,0.0107164948143798,0.103520504318612,"GED","GED"
1000,"ged","ged","skew",NA,NA,NA,NA,NA,NA,"GED","GED"
1000,"ged","norm","alpha1",0.15,0.155302079238487,0.00530207923848709,0.02842739137081,0.00125168676659918,0.035379185499375,"GED","Normal"
1000,"ged","norm","beta1",0.9,0.891576116053151,-0.0084238839468495,0.0280200211855273,0.00160821273085615,0.0401025277364925,"GED","Normal"
1000,"ged","norm","gamma1",0.1,0.0923784816966856,-0.00762151830331438,0.037883158589773,0.00224517292174137,0.0473832557106555,"GED","Normal"
1000,"ged","norm","mu",0,-0.000334575238797767,-0.000334575238797767,0.0149230080902738,0.000343430990464687,0.0185318911734525,"GED","Normal"
1000,"ged","norm","omega",-0.1,-0.10614596579982,-0.00614596579981991,0.0285828139047181,0.00170571380841229,0.0413002882364311,"GED","Normal"
1000,"ged","norm","shape",1.5,NA,NA,NA,NA,NA,"GED","Normal"
1000,"ged","norm","skew",NA,NA,NA,NA,NA,NA,"GED","Normal"
1000,"ged","sged","alpha1",0.15,0.155165374949743,0.00516537494974273,0.0284735038398019,0.0012702122109352,0.035640036629263,"GED","Skewed GED"
1000,"ged","sged","beta1",0.9,0.89109610911698,-0.00890389088301975,0.0281892054188418,0.00209289030584412,0.0457481180579499,"GED","Skewed GED"
1000,"ged","sged","gamma1",0.1,0.0918401710058003,-0.00815982899419966,0.0368349725522438,0.00213973889346126,0.0462573117837738,"GED","Skewed GED"
1000,"ged","sged","mu",0,-0.000310061182002509,-0.000310061182002509,0.0149700765138856,0.00034356163447783,0.0185354156812797,"GED","Skewed GED"
1000,"ged","sged","omega",-0.1,-0.109399602699872,-0.0093996026998723,0.0292651197369687,0.00243763382339708,0.0493723994089519,"GED","Skewed GED"
1000,"ged","sged","shape",1.5,1.51664597237737,0.0166459723773701,0.082827188686498,0.0108426384727685,0.104127990822682,"GED","Skewed GED"
1000,"ged","sged","skew",NA,1.00039830245779,NA,NA,NA,NA,"GED","Skewed GED"
1000,"ged","sstd","alpha1",0.15,0.155707386438695,0.00570738643869546,0.0291513545766143,0.00133677791968542,0.0365619736842177,"GED","Skewed Student-t"
1000,"ged","sstd","beta1",0.9,0.890409713967923,-0.00959028603207672,0.029151005139608,0.00228630900094417,0.0478153636496072,"GED","Skewed Student-t"
1000,"ged","sstd","gamma1",0.1,0.0921688734589925,-0.00783112654100749,0.0371808591158411,0.00217713139022552,0.0466597405717768,"GED","Skewed Student-t"
1000,"ged","sstd","mu",0,-0.000363608786767659,-0.000363608786767659,0.0151252256580231,0.000352411920901961,0.0187726375584775,"GED","Skewed Student-t"
1000,"ged","sstd","omega",-0.1,-0.108964608842111,-0.00896460884211112,0.0300665426819543,0.00260861067292085,0.0510745599385922,"GED","Skewed Student-t"
1000,"ged","sstd","shape",1.5,10.7417190809323,9.24171908093228,9.24171908093228,108.851446808981,10.4331896756927,"GED","Skewed Student-t"
1000,"ged","sstd","skew",NA,1.00060861444262,NA,NA,NA,NA,"GED","Skewed Student-t"
1000,"ged","std","alpha1",0.15,0.155690768241353,0.005690768241353,0.0291282156993181,0.00133423205259425,0.036527141314292,"GED","Student-t"
1000,"ged","std","beta1",0.9,0.890687885028137,-0.00931211497186294,0.0289402178369349,0.0022037247395747,0.0469438466635906,"GED","Student-t"
1000,"ged","std","gamma1",0.1,0.0922078457547501,-0.00779215424524989,0.03712309202489,0.00216912893684557,0.0465739083269331,"GED","Student-t"
1000,"ged","std","mu",0,-0.000321124166922081,-0.000321124166922081,0.0146000349750114,0.000327089854513818,0.0180856256323584,"GED","Student-t"
1000,"ged","std","omega",-0.1,-0.108637490887471,-0.00863749088747116,0.0297791338412129,0.00247287714366048,0.0497280317694204,"GED","Student-t"
1000,"ged","std","shape",1.5,10.6726765074586,9.17267650745857,9.17267650745857,107.224608763404,10.3549316155832,"GED","Student-t"
1000,"ged","std","skew",NA,NA,NA,NA,NA,NA,"GED","Student-t"
1000,"norm","ged","alpha1",0.15,0.153454750025423,0.00345475002542311,0.0225682401247054,0.000821627912233645,0.0286640526135724,"Normal","GED"
1000,"norm","ged","beta1",0.9,0.894462222785803,-0.00553777721419718,0.0229533178214048,0.00102275960361415,0.0319806129336845,"Normal","GED"
1000,"norm","ged","gamma1",0.1,0.0890891515232156,-0.0109108484767844,0.0348452369792701,0.0019358807586789,0.0439986449641225,"Normal","GED"
1000,"norm","ged","mu",0,0.000860913347513927,0.000860913347513927,0.0147372121969328,0.000346919874614134,0.0186257852079888,"Normal","GED"
1000,"norm","ged","omega",-0.1,-0.105829450454058,-0.0058294504540576,0.0236615384149118,0.00111036319523092,0.0333221127065934,"Normal","GED"
1000,"norm","ged","shape",NA,2.02521803224898,NA,NA,NA,NA,"Normal","GED"
1000,"norm","ged","skew",NA,NA,NA,NA,NA,NA,"Normal","GED"
1000,"norm","norm","alpha1",0.15,0.153419461390829,0.0034194613908286,0.0225666957966026,0.000817156044158459,0.0285859413726129,"Normal","Normal"
1000,"norm","norm","beta1",0.9,0.894474166143567,-0.00552583385643285,0.0230663901017991,0.00102817748839982,0.032065206819851,"Normal","Normal"
1000,"norm","norm","gamma1",0.1,0.0890707055756527,-0.0109292944243473,0.0348515570582243,0.00193751101401215,0.0440171672647406,"Normal","Normal"
1000,"norm","norm","mu",0,0.000847350309194482,0.000847350309194482,0.0147591757632651,0.000345956430444282,0.0185999040439536,"Normal","Normal"
1000,"norm","norm","omega",-0.1,-0.105881417137214,-0.00588141713721416,0.0237414378353607,0.00111862974767001,0.0334459227361126,"Normal","Normal"
1000,"norm","norm","shape",NA,NA,NA,NA,NA,NA,"Normal","Normal"
1000,"norm","norm","skew",NA,NA,NA,NA,NA,NA,"Normal","Normal"
1000,"norm","sged","alpha1",0.15,0.153429826750852,0.00342982675085204,0.0227370894832775,0.000829585085658426,0.0288025187380969,"Normal","Skewed GED"
1000,"norm","sged","beta1",0.9,0.894525173619071,-0.00547482638092924,0.0228621599662496,0.0010142005529228,0.0318465155538686,"Normal","Skewed GED"
1000,"norm","sged","gamma1",0.1,0.0889179724700863,-0.0110820275299137,0.0347747564441949,0.00192798635826777,0.0439088414589565,"Normal","Skewed GED"
1000,"norm","sged","mu",0,0.000829110994520052,0.000829110994520052,0.0147466724369541,0.000345613290664637,0.0185906775203228,"Normal","Skewed GED"
1000,"norm","sged","omega",-0.1,-0.105746972883045,-0.00574697288304508,0.023523168219301,0.0011002288806919,0.0331696982303413,"Normal","Skewed GED"
1000,"norm","sged","shape",NA,2.02562288344856,NA,NA,NA,NA,"Normal","Skewed GED"
1000,"norm","sged","skew",NA,0.997359118745385,NA,NA,NA,NA,"Normal","Skewed GED"
1000,"norm","sstd","alpha1",0.15,0.153558813770925,0.00355881377092466,0.0229029225898521,0.000835779860370233,0.0289098574948102,"Normal","Skewed Student-t"
1000,"norm","sstd","beta1",0.9,0.894509128528643,-0.00549087147135671,0.0230693900542594,0.00103012787505354,0.0320956052295878,"Normal","Skewed Student-t"
1000,"norm","sstd","gamma1",0.1,0.0887789517560435,-0.0112210482439565,0.0351268275628141,0.00195995653953182,0.0442713964036806,"Normal","Skewed Student-t"
1000,"norm","sstd","mu",0,0.000826989965607162,0.000826989965607162,0.0147545489687407,0.000345615376941388,0.0185907336310698,"Normal","Skewed Student-t"
1000,"norm","sstd","omega",-0.1,-0.105865907086012,-0.00586590708601178,0.0236922157944289,0.00111664983668264,0.033416310937664,"Normal","Skewed Student-t"
1000,"norm","sstd","shape",NA,55.0948985483711,NA,NA,NA,NA,"Normal","Skewed Student-t"
1000,"norm","sstd","skew",NA,0.997264785363354,NA,NA,NA,NA,"Normal","Skewed Student-t"
1000,"norm","std","alpha1",0.15,0.153508145959622,0.00350814595962185,0.022693193303144,0.000826755198671739,0.0287533510859472,"Normal","Student-t"
1000,"norm","std","beta1",0.9,0.894440395091194,-0.00555960490880602,0.0231077090069833,0.00103599710938478,0.0321869089753083,"Normal","Student-t"
1000,"norm","std","gamma1",0.1,0.0889028645336197,-0.0110971354663803,0.0351202445413475,0.00196157493095455,0.0442896707027107,"Normal","Student-t"
1000,"norm","std","mu",0,0.000906143605079459,0.000906143605079459,0.0147600629255046,0.000347141838980169,0.0186317427789289,"Normal","Student-t"
1000,"norm","std","omega",-0.1,-0.106020670324342,-0.00602067032434201,0.023794514568173,0.00112739986540722,0.0335767756850956,"Normal","Student-t"
1000,"norm","std","shape",NA,82.5545744054292,NA,NA,NA,NA,"Normal","Student-t"
1000,"norm","std","skew",NA,NA,NA,NA,NA,NA,"Normal","Student-t"
1000,"sged","ged","alpha1",0.15,0.163676492699769,0.0136764926997695,0.0381701876989627,0.002468968784535,0.0496887188860309,"Skewed GED","GED"
1000,"sged","ged","beta1",0.9,0.885135574427845,-0.0148644255721551,0.0405027670573046,0.0035797613966662,0.0598311072659215,"Skewed GED","GED"
1000,"sged","ged","gamma1",0.1,0.0894138854701539,-0.0105861145298461,0.0518492158476243,0.00423139288357468,0.065049157439391,"Skewed GED","GED"
1000,"sged","ged","mu",0,0.063982481046871,0.063982481046871,0.0641805042423041,0.00497300257547067,0.070519519109752,"Skewed GED","GED"
1000,"sged","ged","omega",-0.1,-0.0989708333845137,0.00102916661548628,0.0401491851303295,0.00321365571720283,0.0566891146270854,"Skewed GED","GED"
1000,"sged","ged","shape",1.5,1.47149770695133,-0.028502293048674,0.107012247804793,0.017417078282028,0.131973778766951,"Skewed GED","GED"
1000,"sged","ged","skew",0.5,NA,NA,NA,NA,NA,"Skewed GED","GED"
1000,"sged","norm","alpha1",0.15,0.155266928775501,0.00526692877550077,0.0359482638570421,0.00215496804151491,0.0464216333352771,"Skewed GED","Normal"
1000,"sged","norm","beta1",0.9,0.891339945028246,-0.00866005497175436,0.0427544269266883,0.0047250774300244,0.0687391986425824,"Skewed GED","Normal"
1000,"sged","norm","gamma1",0.1,0.0857460333384829,-0.0142539666615171,0.0535622189741527,0.00452229079826208,0.0672479798823881,"Skewed GED","Normal"
1000,"sged","norm","mu",0,0.00272627689218087,0.00272627689218087,0.0148327200883482,0.000353017493117515,0.0187887597546383,"Skewed GED","Normal"
1000,"sged","norm","omega",-0.1,-0.108032708100611,-0.00803270810061105,0.0434440596644488,0.00486881103959642,0.0697768660774932,"Skewed GED","Normal"
1000,"sged","norm","shape",1.5,NA,NA,NA,NA,NA,"Skewed GED","Normal"
1000,"sged","norm","skew",0.5,NA,NA,NA,NA,NA,"Skewed GED","Normal"
1000,"sged","sged","alpha1",0.15,0.150585443329771,0.000585443329770766,0.0228842768801773,0.000823926700047885,0.0287041233980048,"Skewed GED","Skewed GED"
1000,"sged","sged","beta1",0.9,0.8937978802115,-0.00620211978849958,0.0242850136773702,0.00110250830793811,0.033204040536328,"Skewed GED","Skewed GED"
1000,"sged","sged","gamma1",0.1,0.0928834688997471,-0.00711653110025287,0.0315441921110774,0.00153718882786651,0.0392069997304883,"Skewed GED","Skewed GED"
1000,"sged","sged","mu",0,-0.000230775658965022,-0.000230775658965022,0.0142921200141264,0.000325805822923911,0.0180500920475191,"Skewed GED","Skewed GED"
1000,"sged","sged","omega",-0.1,-0.106961409514171,-0.00696140951417058,0.0251228338904585,0.00114814188376756,0.0338842424110022,"Skewed GED","Skewed GED"
1000,"sged","sged","shape",1.5,1.51595514541559,0.0159551454155932,0.0815294812911585,0.0107126624302482,0.103501992397481,"Skewed GED","Skewed GED"
1000,"sged","sged","skew",0.5,0.497877162701759,-0.00212283729824094,0.0206759445681714,0.000673682013350009,0.0259553850549363,"Skewed GED","Skewed GED"
1000,"sged","sstd","alpha1",0.15,0.149872465195852,-0.000127534804148304,0.0228413515012708,0.000814341577443934,0.0285366707491244,"Skewed GED","Skewed Student-t"
1000,"sged","sstd","beta1",0.9,0.893999798805664,-0.00600020119433625,0.0244971066340404,0.00112064250115876,0.0334759988821657,"Skewed GED","Skewed Student-t"
1000,"sged","sstd","gamma1",0.1,0.0926442779635098,-0.00735572203649016,0.0315386714473017,0.00154281564608281,0.039278692010845,"Skewed GED","Skewed Student-t"
1000,"sged","sstd","mu",0,-0.00375119001898763,-0.00375119001898763,0.0146971369078135,0.00034410575070583,0.0185500876198963,"Skewed GED","Skewed Student-t"
1000,"sged","sstd","omega",-0.1,-0.108329271243158,-0.00832927124315778,0.0256237306291535,0.00119930062933986,0.0346309201341786,"Skewed GED","Skewed Student-t"
1000,"sged","sstd","shape",1.5,10.6866575260301,9.18665752603015,9.18665752603015,105.55122603682,10.2738126339164,"Skewed GED","Skewed Student-t"
1000,"sged","sstd","skew",0.5,0.496840179422577,-0.00315982057742348,0.0211150649071022,0.000703962640762328,0.026532294298879,"Skewed GED","Skewed Student-t"
1000,"sged","std","alpha1",0.15,0.1661797142248,0.0161797142248003,0.0373224350825465,0.00235441477615719,0.0485223121476831,"Skewed GED","Student-t"
1000,"sged","std","beta1",0.9,0.885694319432374,-0.014305680567626,0.0371660484300483,0.00313492449065627,0.0559903964145305,"Skewed GED","Student-t"
1000,"sged","std","gamma1",0.1,0.0925560006719384,-0.0074439993280616,0.0482108605009634,0.00360625288522067,0.0600520847699784,"Skewed GED","Student-t"
1000,"sged","std","mu",0,0.0637487642260442,0.0637487642260442,0.0638261314589381,0.00471937555367611,0.0686977114151273,"Skewed GED","Student-t"
1000,"sged","std","omega",-0.1,-0.0974957381791876,0.00250426182081237,0.0368539867360758,0.00275336487868756,0.0524725154598821,"Skewed GED","Student-t"
1000,"sged","std","shape",1.5,6.78792913646632,5.28792913646632,5.28792913646632,31.3910679100217,5.60277323385676,"Skewed GED","Student-t"
1000,"sged","std","skew",0.5,NA,NA,NA,NA,NA,"Skewed GED","Student-t"
1000,"sstd","ged","alpha1",0.15,0.166741684780001,0.0167416847800011,0.042094764997275,0.00298789253606058,0.0546616184910453,"Skewed Student-t","GED"
1000,"sstd","ged","beta1",0.9,0.88149026436139,-0.0185097356386098,0.0437364933117198,0.00467253992480259,0.0683559794370806,"Skewed Student-t","GED"
1000,"sstd","ged","gamma1",0.1,0.093559142051566,-0.00644085794843403,0.052756053704588,0.00446722815122511,0.0668373260328771,"Skewed Student-t","GED"
1000,"sstd","ged","mu",0,0.0693753117794225,0.0693753117794225,0.0694413665960924,0.00557650941171625,0.0746760296997387,"Skewed Student-t","GED"
1000,"sstd","ged","omega",-0.1,-0.102063831876053,-0.00206383187605255,0.0440739066327081,0.00437291741243532,0.0661280380204594,"Skewed Student-t","GED"
1000,"sstd","ged","shape",8,1.38713738485657,-6.61286261514343,6.61286261514343,43.7454065782158,6.61403103849807,"Skewed Student-t","GED"
1000,"sstd","ged","skew",0.5,NA,NA,NA,NA,NA,"Skewed Student-t","GED"
1000,"sstd","norm","alpha1",0.15,0.160370925623966,0.0103709256239655,0.0441276326039559,0.00319394909875503,0.0565150342719089,"Skewed Student-t","Normal"
1000,"sstd","norm","beta1",0.9,0.886465672234949,-0.0135343277650514,0.0494230224157133,0.00655635381746353,0.0809713147816159,"Skewed Student-t","Normal"
1000,"sstd","norm","gamma1",0.1,0.091040427180593,-0.00895957281940695,0.0591713512519598,0.00568019207885933,0.0753670490258132,"Skewed Student-t","Normal"
1000,"sstd","norm","mu",0,0.0033462498285462,0.0033462498285462,0.0154341166452001,0.000378921163426063,0.0194658974472297,"Skewed Student-t","Normal"
1000,"sstd","norm","omega",-0.1,-0.112013516828404,-0.0120135168284037,0.050629675719357,0.0067258630105338,0.0820113590335741,"Skewed Student-t","Normal"
1000,"sstd","norm","shape",8,NA,NA,NA,NA,NA,"Skewed Student-t","Normal"
1000,"sstd","norm","skew",0.5,NA,NA,NA,NA,NA,"Skewed Student-t","Normal"
1000,"sstd","sged","alpha1",0.15,0.151336503170516,0.00133650317051562,0.0230119231699845,0.000848654723178497,0.0291316790312281,"Skewed Student-t","Skewed GED"
1000,"sstd","sged","beta1",0.9,0.892475707558062,-0.00752429244193793,0.026783675350053,0.0018507459690674,0.0430202971754892,"Skewed Student-t","Skewed GED"
1000,"sstd","sged","gamma1",0.1,0.0926555598578035,-0.00734444014219647,0.0315583365887613,0.00156905963287496,0.0396113573722861,"Skewed Student-t","Skewed GED"
1000,"sstd","sged","mu",0,0.000615423168336892,0.000615423168336892,0.0149433893727691,0.00035891732745775,0.0189451135509331,"Skewed Student-t","Skewed GED"
1000,"sstd","sged","omega",-0.1,-0.107988587757299,-0.00798858775729884,0.0282303527325981,0.00208261826874079,0.0456357126463561,"Skewed Student-t","Skewed GED"
1000,"sstd","sged","shape",8,1.49936562782161,-6.50063437217839,6.50063437217839,42.2698920875561,6.5015299805166,"Skewed Student-t","Skewed GED"
1000,"sstd","sged","skew",0.5,0.496877841663066,-0.00312215833693437,0.0242008569638111,0.000936214003108898,0.0305976143368874,"Skewed Student-t","Skewed GED"
1000,"sstd","sstd","alpha1",0.15,0.151468571989824,0.00146857198982354,0.0225443504704627,0.000812008353165595,0.0284957602664957,"Skewed Student-t","Skewed Student-t"
1000,"sstd","sstd","beta1",0.9,0.892719981619593,-0.007280018380407,0.0263993975400017,0.00164894382924675,0.0406071893788126,"Skewed Student-t","Skewed Student-t"
1000,"sstd","sstd","gamma1",0.1,0.0932338143389176,-0.00676618566108241,0.0306920353623386,0.00149575070507722,0.0386749363939648,"Skewed Student-t","Skewed Student-t"
1000,"sstd","sstd","mu",0,-0.000398986467136698,-0.000398986467136698,0.0148376518310694,0.000353187059373807,0.0187932716516791,"Skewed Student-t","Skewed Student-t"
1000,"sstd","sstd","omega",-0.1,-0.108147243966304,-0.00814724396630371,0.0278984233711227,0.0018745970158038,0.0432966166784865,"Skewed Student-t","Skewed Student-t"
1000,"sstd","sstd","shape",8,8.97712098398895,0.97712098398895,1.97013271984972,9.97514999459691,3.15834608531062,"Skewed Student-t","Skewed Student-t"
1000,"sstd","sstd","skew",0.5,0.496184048000036,-0.00381595199996447,0.0234807368646701,0.000884939702761173,0.0297479361092694,"Skewed Student-t","Skewed Student-t"
1000,"sstd","std","alpha1",0.15,0.166962041461053,0.0169620414610525,0.0379130063514287,0.00243467794302714,0.0493424557863422,"Skewed Student-t","Student-t"
1000,"sstd","std","beta1",0.9,0.883994479239741,-0.0160055207602589,0.0382515412587356,0.00318230451523812,0.0564119182020796,"Skewed Student-t","Student-t"
1000,"sstd","std","gamma1",0.1,0.0952137950372552,-0.00478620496274479,0.0463072357724967,0.00352483575924912,0.0593703272624391,"Skewed Student-t","Student-t"
1000,"sstd","std","mu",0,0.0672451635446522,0.0672451635446522,0.0672688863891207,0.00511101446894339,0.0714913594005834,"Skewed Student-t","Student-t"
1000,"sstd","std","omega",-0.1,-0.0998905871492583,0.000109412850741743,0.038755958404477,0.00291236421953437,0.0539663248659233,"Skewed Student-t","Student-t"
1000,"sstd","std","shape",8,5.96051130526932,-2.03948869473068,2.21554782003124,5.95441894560623,2.44016781095199,"Skewed Student-t","Student-t"
1000,"sstd","std","skew",0.5,NA,NA,NA,NA,NA,"Skewed Student-t","Student-t"
1000,"std","ged","alpha1",0.15,0.155267366126956,0.00526736612695558,0.0277292333227891,0.00124861650335309,0.035335768045326,"Student-t","GED"
1000,"std","ged","beta1",0.9,0.889530540932262,-0.0104694590677382,0.031918051245474,0.00202266883136224,0.0449740906674303,"Student-t","GED"
1000,"std","ged","gamma1",0.1,0.0893355697680028,-0.0106644302319972,0.039188856734869,0.00242037714318552,0.0491973286183866,"Student-t","GED"
1000,"std","ged","mu",0,0.000232517904469146,0.000232517904469146,0.0141332942096959,0.000323321111882457,0.0179811321079196,"Student-t","GED"
1000,"std","ged","omega",-0.1,-0.111921584181768,-0.0119215841817675,0.0334038372485222,0.00216871347116203,0.046569447829688,"Student-t","GED"
1000,"std","ged","shape",8,1.50467084883138,-6.49532915116862,6.49532915116862,42.2014391994549,6.49626347983631,"Student-t","GED"
1000,"std","ged","skew",NA,NA,NA,NA,NA,NA,"Student-t","GED"
1000,"std","norm","alpha1",0.15,0.1569181322331,0.00691813223309991,0.0303369140852423,0.00152600924976954,0.0390641683614222,"Student-t","Normal"
1000,"std","norm","beta1",0.9,0.887259474642261,-0.0127405253577386,0.0353833583603695,0.00287999625760764,0.0536655965923015,"Student-t","Normal"
1000,"std","norm","gamma1",0.1,0.0900306870601944,-0.00996931293980556,0.0419232830694218,0.00279687624509947,0.0528855012749191,"Student-t","Normal"
1000,"std","norm","mu",0,0.00029600797015078,0.00029600797015078,0.0143683043890656,0.000336917585925157,0.0183553149230722,"Student-t","Normal"
1000,"std","norm","omega",-0.1,-0.110916794818683,-0.0109167948186827,0.0361386302418333,0.00281783053283982,0.0530832415441994,"Student-t","Normal"
1000,"std","norm","shape",8,NA,NA,NA,NA,NA,"Student-t","Normal"
1000,"std","norm","skew",NA,NA,NA,NA,NA,NA,"Student-t","Normal"
1000,"std","sged","alpha1",0.15,0.155220097803565,0.00522009780356527,0.027759406332731,0.00124857594181716,0.0353351940962147,"Student-t","Skewed GED"
1000,"std","sged","beta1",0.9,0.889674009225389,-0.0103259907746106,0.0319637043505762,0.0020229331758449,0.0449770294244173,"Student-t","Skewed GED"
1000,"std","sged","gamma1",0.1,0.0892505139901205,-0.0107494860098795,0.0390994528671097,0.0024204889236988,0.0491984646477794,"Student-t","Skewed GED"
1000,"std","sged","mu",0,0.000280834400658991,0.000280834400658991,0.0144637806605751,0.000341559084613153,0.0184813171774404,"Student-t","Skewed GED"
1000,"std","sged","omega",-0.1,-0.111760284677277,-0.0117602846772768,0.033472370783447,0.00218146337592351,0.0467061385250751,"Student-t","Skewed GED"
1000,"std","sged","shape",8,1.50504605491972,-6.49495394508028,6.49495394508028,42.196665855915,6.49589607797993,"Student-t","Skewed GED"
1000,"std","sged","skew",NA,1.00078533290422,NA,NA,NA,NA,"Student-t","Skewed GED"
1000,"std","sstd","alpha1",0.15,0.154592161166073,0.00459216116607265,0.0269248413638767,0.00118161805289018,0.0343746716768347,"Student-t","Skewed Student-t"
1000,"std","sstd","beta1",0.9,0.891104531074682,-0.00889546892531763,0.0304814166765996,0.00179822174022422,0.0424054447002295,"Student-t","Skewed Student-t"
1000,"std","sstd","gamma1",0.1,0.0895749981429424,-0.0104250018570576,0.038322323510758,0.00231175232328785,0.0480806855534304,"Student-t","Skewed Student-t"
1000,"std","sstd","mu",0,0.000283134740399699,0.000283134740399699,0.014290205900078,0.000333096352107847,0.0182509274314443,"Student-t","Skewed Student-t"
1000,"std","sstd","omega",-0.1,-0.109609880572899,-0.00960988057289897,0.0317240432002544,0.00190554156136253,0.0436525092218366,"Student-t","Skewed Student-t"
1000,"std","sstd","shape",8,9.1652090407601,1.1652090407601,2.1107954990131,15.9971789791258,3.99964735684607,"Student-t","Skewed Student-t"
1000,"std","sstd","skew",NA,1.00042919402979,NA,NA,NA,NA,"Student-t","Skewed Student-t"
1000,"std","std","alpha1",0.15,0.154645733645457,0.0046457336454571,0.0268859795522658,0.00117697200366787,0.0343070255730203,"Student-t","Student-t"
1000,"std","std","beta1",0.9,0.890948748880029,-0.00905125111997064,0.0303762898506567,0.00178509041211013,0.0422503303195387,"Student-t","Student-t"
1000,"std","std","gamma1",0.1,0.0896370554760841,-0.0103629445239159,0.0383184300540127,0.00230388202581796,0.0479987710865389,"Student-t","Student-t"
1000,"std","std","mu",0,0.00028347488057494,0.00028347488057494,0.0138411104018044,0.000311937525110027,0.0176617531720389,"Student-t","Student-t"
1000,"std","std","omega",-0.1,-0.109772998803888,-0.00977299880388823,0.0315844535710114,0.00188003548980581,0.043359376031094,"Student-t","Student-t"
1000,"std","std","shape",8,9.11845488057372,1.11845488057372,2.08070055108548,15.4885868055006,3.93555419293149,"Student-t","Student-t"
1000,"std","std","skew",NA,NA,NA,NA,NA,NA,"Student-t","Student-t"
2000,"ged","ged","alpha1",0.15,0.151744663555866,0.0017446635558664,0.0183459977206719,0.00053289695124815,0.0230845608848891,"GED","GED"
2000,"ged","ged","beta1",0.9,0.89637663894451,-0.00362336105549039,0.0187507480555971,0.000619060918961276,0.024880934849022,"GED","GED"
2000,"ged","ged","gamma1",0.1,0.0954878536157776,-0.00451214638422239,0.0246563873598077,0.000977099156454472,0.031258585323947,"GED","GED"
2000,"ged","ged","mu",0,5.60116617390316e-05,5.60116617390316e-05,0.0102847648008004,0.000168883215213078,0.0129955075011743,"GED","GED"
2000,"ged","ged","omega",-0.1,-0.103901809158009,-0.00390180915800933,0.0191194623160238,0.000660873770321031,0.0257074652644136,"GED","GED"
2000,"ged","ged","shape",1.5,1.5119211206672,0.011921120667195,0.0579999430409693,0.00535565102258845,0.0731823135913894,"GED","GED"
2000,"ged","ged","skew",NA,NA,NA,NA,NA,NA,"GED","GED"
2000,"ged","norm","alpha1",0.15,0.151859507568721,0.00185950756872136,0.0188069744564779,0.000556403900416813,0.0235882152868082,"GED","Normal"
2000,"ged","norm","beta1",0.9,0.896508100243105,-0.00349189975689538,0.018957208664405,0.000639247810068238,0.0252833504517941,"GED","Normal"
2000,"ged","norm","gamma1",0.1,0.0956731021626144,-0.00432689783738556,0.0249693683980408,0.00100976323420783,0.0317767719286876,"GED","Normal"
2000,"ged","norm","mu",0,0.000144433947717262,0.000144433947717262,0.0108007421185946,0.000183443031695969,0.0135441142824464,"GED","Normal"
2000,"ged","norm","omega",-0.1,-0.100960572539997,-0.000960572539996943,0.0193493123185514,0.000662450333536759,0.0257381105277128,"GED","Normal"
2000,"ged","norm","shape",1.5,NA,NA,NA,NA,NA,"GED","Normal"
2000,"ged","norm","skew",NA,NA,NA,NA,NA,NA,"GED","Normal"
2000,"ged","sged","alpha1",0.15,0.15178284788093,0.00178284788093008,0.0184070744767665,0.000534574542107348,0.023120868108861,"GED","Skewed GED"
2000,"ged","sged","beta1",0.9,0.896347396328368,-0.00365260367163167,0.0187451749683754,0.000618059761967621,0.0248608077497016,"GED","Skewed GED"
2000,"ged","sged","gamma1",0.1,0.0954329474162091,-0.00456705258379089,0.0247080150568008,0.000982909272028125,0.0313513838933487,"GED","Skewed GED"
2000,"ged","sged","mu",0,0.000119826010326279,0.000119826010326279,0.0107667634466842,0.000183465933120272,0.0135449596943022,"GED","Skewed GED"
2000,"ged","sged","omega",-0.1,-0.103906221221865,-0.00390622122186523,0.0190957022361658,0.000659644016318857,0.0256835358998495,"GED","Skewed GED"
2000,"ged","sged","shape",1.5,1.51175663614674,0.0117566361467449,0.0581463966012984,0.0053790063665819,0.0733417095968038,"GED","Skewed GED"
2000,"ged","sged","skew",NA,1.00054160983743,NA,NA,NA,NA,"GED","Skewed GED"
2000,"ged","sstd","alpha1",0.15,0.152158521620441,0.00215852162044108,0.0187191811113214,0.000551493350616734,0.0234838955588023,"GED","Skewed Student-t"
2000,"ged","sstd","beta1",0.9,0.896113678263574,-0.00388632173642558,0.0190292636963364,0.000635062419107772,0.025200444819641,"GED","Skewed Student-t"
2000,"ged","sstd","gamma1",0.1,0.0957899001882531,-0.00421009981174693,0.0250954359587868,0.00101130758679602,0.0318010626677163,"GED","Skewed Student-t"
2000,"ged","sstd","mu",0,0.000104904855411828,0.000104904855411828,0.0109165576870012,0.000186825606215871,0.0136684163755671,"GED","Skewed Student-t"
2000,"ged","sstd","omega",-0.1,-0.103031281235102,-0.00303128123510248,0.0193175646632398,0.000659104405247432,0.0256730287509564,"GED","Skewed Student-t"
2000,"ged","sstd","shape",1.5,9.97663466175646,8.47663466175646,8.47663466175646,77.3523234657739,8.79501696790711,"GED","Skewed Student-t"
2000,"ged","sstd","skew",NA,1.00074299279238,NA,NA,NA,NA,"GED","Skewed Student-t"
2000,"ged","std","alpha1",0.15,0.152117173074499,0.00211717307449867,0.0186387700051309,0.000548845304647185,0.023427447676757,"GED","Student-t"
2000,"ged","std","beta1",0.9,0.89615667040414,-0.00384332959586049,0.0190295475742085,0.000634920749982378,0.0251976338171341,"GED","Student-t"
2000,"ged","std","gamma1",0.1,0.0958318674112807,-0.0041681325887193,0.0250462979303956,0.00100606300560209,0.03171849626956,"GED","Student-t"
2000,"ged","std","mu",0,3.47432961472332e-05,3.47432961472332e-05,0.0104526871773878,0.000172042296493462,0.0131164894881772,"GED","Student-t"
2000,"ged","std","omega",-0.1,-0.103013078285939,-0.0030130782859394,0.0193223289349486,0.000659313795640994,0.0256771064499292,"GED","Student-t"
2000,"ged","std","shape",1.5,9.95626486447952,8.45626486447952,8.45626486447952,76.9413504382592,8.77162188185624,"GED","Student-t"
2000,"ged","std","skew",NA,NA,NA,NA,NA,NA,"GED","Student-t"
2000,"norm","ged","alpha1",0.15,0.150729481295757,0.000729481295757172,0.0150729284146325,0.0003595637505665,0.0189621662941369,"Normal","GED"
2000,"norm","ged","beta1",0.9,0.897611465291091,-0.00238853470890935,0.0165344930545296,0.000448244986597285,0.0211717969619323,"Normal","GED"
2000,"norm","ged","gamma1",0.1,0.0958807424623633,-0.00411925753763667,0.0228832755989005,0.000788217371591972,0.0280752091994338,"Normal","GED"
2000,"norm","ged","mu",0,-0.000142571862481909,-0.000142571862481909,0.0106608211848811,0.000177214091256885,0.0133121783062309,"Normal","GED"
2000,"norm","ged","omega",-0.1,-0.102587136132485,-0.00258713613248506,0.0169998262834963,0.000473504517390772,0.0217601589468177,"Normal","GED"
2000,"norm","ged","shape",NA,2.0180864210932,NA,NA,NA,NA,"Normal","GED"
2000,"norm","ged","skew",NA,NA,NA,NA,NA,NA,"Normal","GED"
2000,"norm","norm","alpha1",0.15,0.150715457105307,0.00071545710530659,0.0150573822429431,0.000359030413351033,0.0189480978821367,"Normal","Normal"
2000,"norm","norm","beta1",0.9,0.897629387477093,-0.00237061252290659,0.0165291401403117,0.000448519020862059,0.0211782676548876,"Normal","Normal"
2000,"norm","norm","gamma1",0.1,0.0958860777564585,-0.00411392224354148,0.0228780047679591,0.000788288561259888,0.0280764770094093,"Normal","Normal"
2000,"norm","norm","mu",0,-0.000148510804748858,-0.000148510804748858,0.0106572041414745,0.000177580384745198,0.0133259290387274,"Normal","Normal"
2000,"norm","norm","omega",-0.1,-0.102630313438828,-0.00263031343882777,0.0170222755997593,0.000474677564127378,0.0217870962757174,"Normal","Normal"
2000,"norm","norm","shape",NA,NA,NA,NA,NA,NA,"Normal","Normal"
2000,"norm","norm","skew",NA,NA,NA,NA,NA,NA,"Normal","Normal"
2000,"norm","sged","alpha1",0.15,0.150747228971602,0.000747228971602119,0.0150831342375411,0.000361282686844679,0.0190074376717294,"Normal","Skewed GED"
2000,"norm","sged","beta1",0.9,0.897574773092765,-0.0024252269072353,0.0165536476932379,0.000451320045563321,0.0212442944237581,"Normal","Skewed GED"
2000,"norm","sged","gamma1",0.1,0.0959383438247366,-0.00406165617526342,0.0229251948833051,0.000791362657065832,0.0281311687824348,"Normal","Skewed GED"
2000,"norm","sged","mu",0,-0.0001539029370841,-0.0001539029370841,0.0106602271969598,0.000177628272111297,0.0133277256916286,"Normal","Skewed GED"
2000,"norm","sged","omega",-0.1,-0.102620190002748,-0.00262019000274762,0.0170310114829761,0.000476522178198681,0.0218293879483297,"Normal","Skewed GED"
2000,"norm","sged","shape",NA,2.01832232942091,NA,NA,NA,NA,"Normal","Skewed GED"
2000,"norm","sged","skew",NA,1.00129923061086,NA,NA,NA,NA,"Normal","Skewed GED"
2000,"norm","sstd","alpha1",0.15,0.150888178167264,0.000888178167263974,0.0151390089542108,0.000364387884540173,0.0190889466587387,"Normal","Skewed Student-t"
2000,"norm","sstd","beta1",0.9,0.897624264100094,-0.00237573589990561,0.0165830324344943,0.000454366390430394,0.0213158717961615,"Normal","Skewed Student-t"
2000,"norm","sstd","gamma1",0.1,0.0959442849363909,-0.00405571506360913,0.0230385246640329,0.000795401418767284,0.0282028618896608,"Normal","Skewed Student-t"
2000,"norm","sstd","mu",0,-0.000153132016025753,-0.000153132016025753,0.0106676721714704,0.000177694700142824,0.0133302175579704,"Normal","Skewed Student-t"
2000,"norm","sstd","omega",-0.1,-0.102698647966609,-0.00269864796660901,0.0170671534459733,0.000479523645157216,0.0218980283394925,"Normal","Skewed Student-t"
2000,"norm","sstd","shape",NA,57.6349579494931,NA,NA,NA,NA,"Normal","Skewed Student-t"
2000,"norm","sstd","skew",NA,1.00118324971228,NA,NA,NA,NA,"Normal","Skewed Student-t"
2000,"norm","std","alpha1",0.15,0.150779811923067,0.000779811923066552,0.0150965682990102,0.000361110324864803,0.0190029030641321,"Normal","Student-t"
2000,"norm","std","beta1",0.9,0.897649912028119,-0.0023500879718812,0.0165510258260902,0.000450564337466633,0.021226500829544,"Normal","Student-t"
2000,"norm","std","gamma1",0.1,0.095867119795984,-0.00413288020401602,0.022948514372721,0.0007900871986851,0.0281084897973032,"Normal","Student-t"
2000,"norm","std","mu",0,-0.000156453927296836,-0.000156453927296836,0.0106756792416124,0.000177719068969768,0.0133311315712421,"Normal","Student-t"
2000,"norm","std","omega",-0.1,-0.102731336557837,-0.00273133655783661,0.0170422665697497,0.000476797235315886,0.0218356871958701,"Normal","Student-t"
2000,"norm","std","shape",NA,86.5553853845245,NA,NA,NA,NA,"Normal","Student-t"
2000,"norm","std","skew",NA,NA,NA,NA,NA,NA,"Normal","Student-t"
2000,"sged","ged","alpha1",0.15,0.161565932822937,0.0115659328229374,0.027459390341298,0.00119059618904634,0.034505016867788,"Skewed GED","GED"
2000,"sged","ged","beta1",0.9,0.88932672522415,-0.0106732747758502,0.026914877316432,0.00130832336957195,0.0361707529583219,"Skewed GED","GED"
2000,"sged","ged","gamma1",0.1,0.096466453813839,-0.00353354618616102,0.0345730672511229,0.00186479419327527,0.0431832628836135,"Skewed GED","GED"
2000,"sged","ged","mu",0,0.0645108591980388,0.0645108591980388,0.0645296394028771,0.00461117049577338,0.0679055998852332,"Skewed GED","GED"
2000,"sged","ged","omega",-0.1,-0.0944670535232165,0.00553294647678348,0.0265251490993135,0.00115581009745237,0.0339972072007741,"Skewed GED","GED"
2000,"sged","ged","shape",1.5,1.45937933882313,-0.0406206611768748,0.083930015700156,0.0105983416241918,0.102948247309956,"Skewed GED","GED"
2000,"sged","ged","skew",0.5,NA,NA,NA,NA,NA,"Skewed GED","GED"
2000,"sged","norm","alpha1",0.15,0.153061603099189,0.0030616030991895,0.0254185715906278,0.000993241760172122,0.0315157382933055,"Skewed GED","Normal"
2000,"sged","norm","beta1",0.9,0.896579858214222,-0.00342014178577812,0.0274263648080324,0.00135053493292854,0.0367496249358894,"Skewed GED","Normal"
2000,"sged","norm","gamma1",0.1,0.0930775341275427,-0.0069224658724573,0.035593859064637,0.00196053216058436,0.0442778969756284,"Skewed GED","Normal"
2000,"sged","norm","mu",0,0.00171272307966801,0.00171272307966801,0.0105280804817889,0.000177678219837829,0.0133295993877471,"Skewed GED","Normal"
2000,"sged","norm","omega",-0.1,-0.102288798684967,-0.00228879868496728,0.0279213657080955,0.00138262486374738,0.0371836639365647,"Skewed GED","Normal"
2000,"sged","norm","shape",1.5,NA,NA,NA,NA,NA,"Skewed GED","Normal"
2000,"sged","norm","skew",0.5,NA,NA,NA,NA,NA,"Skewed GED","Normal"
2000,"sged","sged","alpha1",0.15,0.149865713894279,-0.000134286105721032,0.0149062016399189,0.00035733505032678,0.0189033079202234,"Skewed GED","Skewed GED"
2000,"sged","sged","beta1",0.9,0.897835193704856,-0.00216480629514366,0.015580951108042,0.000405320402850542,0.0201325706965241,"Skewed GED","Skewed GED"
2000,"sged","sged","gamma1",0.1,0.0954122767537338,-0.00458772324626621,0.0210519841425233,0.000712148076496626,0.0266861026846676,"Skewed GED","Skewed GED"
2000,"sged","sged","mu",0,0.000415588856147229,0.000415588856147229,0.0103558744300194,0.0001731171212442,0.013157397966323,"Skewed GED","Skewed GED"
2000,"sged","sged","omega",-0.1,-0.102647315173405,-0.00264731517340492,0.0159180894388915,0.000430364175755904,0.0207452205521152,"Skewed GED","Skewed GED"
2000,"sged","sged","shape",1.5,1.50776960282881,0.00776960282880527,0.0554230285911475,0.00502385101765102,0.0708791296338423,"Skewed GED","Skewed GED"
2000,"sged","sged","skew",0.5,0.498726999742518,-0.00127300025748149,0.0134697835718968,0.000287232691552213,0.016947940628649,"Skewed GED","Skewed GED"
2000,"sged","sstd","alpha1",0.15,0.148915724565161,-0.00108427543483882,0.0149222183847538,0.000358184900072278,0.0189257734339254,"Skewed GED","Skewed Student-t"
2000,"sged","sstd","beta1",0.9,0.898141733940337,-0.00185826605966265,0.0155752719174893,0.000409949209964396,0.0202472025219386,"Skewed GED","Skewed Student-t"
2000,"sged","sstd","gamma1",0.1,0.0948891400979652,-0.00511085990203484,0.0210283152860315,0.000714852039276241,0.0267367170624264,"Skewed GED","Skewed Student-t"
2000,"sged","sstd","mu",0,-0.00320058455513386,-0.00320058455513386,0.010840349398941,0.000185107050761142,0.0136054052038571,"Skewed GED","Skewed Student-t"
2000,"sged","sstd","omega",-0.1,-0.104085157132229,-0.00408515713222916,0.0161772563266496,0.00045394264625617,0.0213059298378684,"Skewed GED","Skewed Student-t"
2000,"sged","sstd","shape",1.5,9.89528332914605,8.39528332914604,8.39528332914604,76.5440994629057,8.74894847755465,"Skewed GED","Skewed Student-t"
2000,"sged","sstd","skew",0.5,0.498368480245585,-0.00163151975441518,0.0138819997942372,0.000304850128382537,0.0174599578574101,"Skewed GED","Skewed Student-t"
2000,"sged","std","alpha1",0.15,0.163081289283164,0.0130812892831641,0.0259974528880045,0.00108971270771456,0.0330107968354985,"Skewed GED","Student-t"
2000,"sged","std","beta1",0.9,0.890417795674107,-0.00958220432589317,0.0245567440676654,0.00104549398961108,0.0323340994866269,"Skewed GED","Student-t"
2000,"sged","std","gamma1",0.1,0.0977560192680264,-0.00224398073197365,0.0319727237350932,0.0016042538794857,0.0400531381977206,"Skewed GED","Student-t"
2000,"sged","std","mu",0,0.063803308098051,0.063803308098051,0.0638108989991223,0.00441438789925553,0.066440860163423,"Skewed GED","Student-t"
2000,"sged","std","omega",-0.1,-0.0930256744951937,0.00697432550480632,0.0247223279410976,0.000958530916854474,0.0309601504656304,"Skewed GED","Student-t"
2000,"sged","std","shape",1.5,6.51898989117647,5.01898989117647,5.01898989117647,26.402359876854,5.13832267153922,"Skewed GED","Student-t"
2000,"sged","std","skew",0.5,NA,NA,NA,NA,NA,"Skewed GED","Student-t"
2000,"sstd","ged","alpha1",0.15,0.163331809696082,0.0133318096960816,0.0289919729860344,0.00138281539062245,0.0371862258184728,"Skewed Student-t","GED"
2000,"sstd","ged","beta1",0.9,0.885983852567009,-0.0140161474329911,0.0306557193786399,0.00173832244273063,0.0416931942015795,"Skewed Student-t","GED"
2000,"sstd","ged","gamma1",0.1,0.100095984651785,9.5984651785178e-05,0.0351066989545104,0.00197209352649197,0.0444082596652016,"Skewed Student-t","GED"
2000,"sstd","ged","mu",0,0.0708261699206498,0.0708261699206498,0.0708261699206498,0.00541972103964287,0.0736187546732683,"Skewed Student-t","GED"
2000,"sstd","ged","omega",-0.1,-0.0966821776080816,0.00331782239191842,0.0296058264752248,0.00150316372378832,0.0387706554469785,"Skewed Student-t","GED"
2000,"sstd","ged","shape",8,1.36599887953787,-6.63400112046213,6.63400112046213,44.0169721428409,6.63452878076815,"Skewed Student-t","GED"
2000,"sstd","ged","skew",0.5,NA,NA,NA,NA,NA,"Skewed Student-t","GED"
2000,"sstd","norm","alpha1",0.15,0.155382894859214,0.00538289485921446,0.0306540780754178,0.00162492594273847,0.040310370163749,"Skewed Student-t","Normal"
2000,"sstd","norm","beta1",0.9,0.892630285382893,-0.00736971461710732,0.0351956051683352,0.00292189807376169,0.0540545842067228,"Skewed Student-t","Normal"
2000,"sstd","norm","gamma1",0.1,0.0971811290422162,-0.00281887095778379,0.0415476203489221,0.00299332583593672,0.0547112953231481,"Skewed Student-t","Normal"
2000,"sstd","norm","mu",0,0.00154759663465466,0.00154759663465466,0.0105511655464121,0.000180957588040541,0.0134520477266675,"Skewed Student-t","Normal"
2000,"sstd","norm","omega",-0.1,-0.104827600572847,-0.00482760057284694,0.0351939085392784,0.00282302354467851,0.0531321328828281,"Skewed Student-t","Normal"
2000,"sstd","norm","shape",8,NA,NA,NA,NA,NA,"Skewed Student-t","Normal"
2000,"sstd","norm","skew",0.5,NA,NA,NA,NA,NA,"Skewed Student-t","Normal"
2000,"sstd","sged","alpha1",0.15,0.150503709330508,0.000503709330508012,0.0155126704764623,0.0003931939413776,0.0198291185224558,"Skewed Student-t","Skewed GED"
2000,"sstd","sged","beta1",0.9,0.896316449831064,-0.00368355016893564,0.0172725135631496,0.000518519549114507,0.022771024331692,"Skewed Student-t","Skewed GED"
2000,"sstd","sged","gamma1",0.1,0.0973941981890465,-0.00260580181095352,0.0213670846852678,0.000708141564373666,0.0266109294158183,"Skewed Student-t","Skewed GED"
2000,"sstd","sged","mu",0,0.000895349793427563,0.000895349793427563,0.010450429269689,0.000175332376035673,0.0132413132292712,"Skewed Student-t","Skewed GED"
2000,"sstd","sged","omega",-0.1,-0.103351802236719,-0.00335180223671919,0.0177439596294932,0.000550638014186632,0.0234656773647519,"Skewed Student-t","Skewed GED"
2000,"sstd","sged","shape",8,1.48795117605186,-6.51204882394814,6.51204882394814,42.4124584360748,6.51248481273276,"Skewed Student-t","Skewed GED"
2000,"sstd","sged","skew",0.5,0.497477379569069,-0.00252262043093079,0.0165864781184849,0.000441061694924328,0.0210014688753984,"Skewed Student-t","Skewed GED"
2000,"sstd","sstd","alpha1",0.15,0.150787599406637,0.000787599406637388,0.0152579940842601,0.000381794489825244,0.0195395621707664,"Skewed Student-t","Skewed Student-t"
2000,"sstd","sstd","beta1",0.9,0.896324874071751,-0.00367512592824866,0.0171621761753915,0.000508637911528793,0.0225530022730632,"Skewed Student-t","Skewed Student-t"
2000,"sstd","sstd","gamma1",0.1,0.0978430545241198,-0.00215694547588019,0.020866302221286,0.000675823486996634,0.0259966052975506,"Skewed Student-t","Skewed Student-t"
2000,"sstd","sstd","mu",0,-0.000127035177651883,-0.000127035177651883,0.0103286031889224,0.000170655996102296,0.0130635368909915,"Skewed Student-t","Skewed Student-t"
2000,"sstd","sstd","omega",-0.1,-0.103966118052896,-0.00396611805289622,0.0176725798221088,0.000547107975195878,0.0233903393561504,"Skewed Student-t","Skewed Student-t"
2000,"sstd","sstd","shape",8,8.38058728048353,0.380587280483534,1.17617540169449,2.64337250702492,1.62584516699006,"Skewed Student-t","Skewed Student-t"
2000,"sstd","sstd","skew",0.5,0.497312401690119,-0.00268759830988071,0.0161431019982527,0.000417018205417879,0.0204210236133716,"Skewed Student-t","Skewed Student-t"
2000,"sstd","std","alpha1",0.15,0.164914968918339,0.0149149689183387,0.0264256360472482,0.00114725136528565,0.0338710992630244,"Skewed Student-t","Student-t"
2000,"sstd","std","beta1",0.9,0.886647494412686,-0.0133525055873138,0.026916120663931,0.00136055575160646,0.0368857120252064,"Skewed Student-t","Student-t"
2000,"sstd","std","gamma1",0.1,0.102098725568786,0.00209872556878562,0.0304964133345309,0.0014725427297528,0.0383737244706947,"Skewed Student-t","Student-t"
2000,"sstd","std","mu",0,0.0678288940279133,0.0678288940279133,0.0678288940279133,0.00491515273935271,0.0701081503061713,"Skewed Student-t","Student-t"
2000,"sstd","std","omega",-0.1,-0.0967098789634322,0.00329012103656784,0.0260016903003194,0.00117606170367299,0.0342937560449857,"Skewed Student-t","Student-t"
2000,"sstd","std","shape",8,5.71643646998701,-2.28356353001299,2.30025819924297,5.85331305680126,2.41936211774948,"Skewed Student-t","Student-t"
2000,"sstd","std","skew",0.5,NA,NA,NA,NA,NA,"Skewed Student-t","Student-t"
2000,"std","ged","alpha1",0.15,0.153308213089972,0.00330821308997245,0.0195775585653727,0.00060021494042559,0.0244992844880333,"Student-t","GED"
2000,"std","ged","beta1",0.9,0.895106829412576,-0.00489317058742395,0.0195912503130172,0.000629400342431036,0.0250878524874298,"Student-t","GED"
2000,"std","ged","gamma1",0.1,0.0956974754042013,-0.00430252459579869,0.0266561263119009,0.00112057429446698,0.0334749801264613,"Student-t","GED"
2000,"std","ged","mu",0,0.000443087910483945,0.000443087910483945,0.0104561879086188,0.000168805717557436,0.0129925254495589,"Student-t","GED"
2000,"std","ged","omega",-0.1,-0.105978292885242,-0.00597829288524175,0.0204818089701574,0.000703382608412731,0.0265213613604719,"Student-t","GED"
2000,"std","ged","shape",8,1.49386664403275,-6.50613335596725,6.50613335596725,42.3353851345593,6.50656477217889,"Student-t","GED"
2000,"std","ged","skew",NA,NA,NA,NA,NA,NA,"Student-t","GED"
2000,"std","norm","alpha1",0.15,0.15409490047823,0.0040949004782298,0.0209760581267769,0.000703872803072745,0.0265306012572792,"Student-t","Normal"
2000,"std","norm","beta1",0.9,0.894468537043734,-0.00553146295626565,0.0211394180775162,0.000739426514942376,0.0271923981094418,"Student-t","Normal"
2000,"std","norm","gamma1",0.1,0.0961505309583862,-0.00384946904161379,0.0286248768566724,0.00128922105102,0.0359057244881648,"Student-t","Normal"
2000,"std","norm","mu",0,0.000509161924488515,0.000509161924488515,0.0106824017748757,0.0001773619919369,0.0133177322370177,"Student-t","Normal"
2000,"std","norm","omega",-0.1,-0.103086120520003,-0.00308612052000344,0.0215380406170919,0.000765994445155579,0.0276766046536706,"Student-t","Normal"
2000,"std","norm","shape",8,NA,NA,NA,NA,NA,"Student-t","Normal"
2000,"std","norm","skew",NA,NA,NA,NA,NA,NA,"Student-t","Normal"
2000,"std","sged","alpha1",0.15,0.153287354237466,0.00328735423746597,0.0196617920670795,0.000606073927946818,0.0246185687631677,"Student-t","Skewed GED"
2000,"std","sged","beta1",0.9,0.895104241322123,-0.00489575867787754,0.0196689067904508,0.00063258837854637,0.0251513096785509,"Student-t","Skewed GED"
2000,"std","sged","gamma1",0.1,0.09559106815342,-0.00440893184658003,0.0267467556339722,0.00112727887318918,0.0335749739119657,"Student-t","Skewed GED"
2000,"std","sged","mu",0,0.000528643296372621,0.000528643296372621,0.0107463309838434,0.000179206013895042,0.0133867850470172,"Student-t","Skewed GED"
2000,"std","sged","omega",-0.1,-0.105942349910579,-0.00594234991057926,0.020524481089143,0.000704474479537307,0.0265419381269964,"Student-t","Skewed GED"
2000,"std","sged","shape",8,1.49440765715892,-6.50559234284108,6.50559234284108,42.3283583749892,6.5060247751595,"Student-t","Skewed GED"
2000,"std","sged","skew",NA,1.00155396119744,NA,NA,NA,NA,"Student-t","Skewed GED"
2000,"std","sstd","alpha1",0.15,0.153393394409411,0.00339339440941135,0.0194171095533643,0.00058222699058822,0.0241293802363057,"Student-t","Skewed Student-t"
2000,"std","sstd","beta1",0.9,0.895340550818852,-0.00465944918114846,0.0191570796462946,0.000608179677081644,0.0246612991766785,"Student-t","Skewed Student-t"
2000,"std","sstd","gamma1",0.1,0.0958209039369566,-0.00417909606304339,0.026209156782693,0.00108341724991797,0.0329153041899656,"Student-t","Skewed Student-t"
2000,"std","sstd","mu",0,0.000492207370802786,0.000492207370802786,0.0106433909254306,0.000177599458341435,0.0133266446767908,"Student-t","Skewed Student-t"
2000,"std","sstd","omega",-0.1,-0.105052416032151,-0.00505241603215121,0.0199800455225841,0.000664094587932989,0.0257700327499402,"Student-t","Skewed Student-t"
2000,"std","sstd","shape",8,8.51269300753812,0.512693007538116,1.22739770343333,3.1887401342114,1.78570438040886,"Student-t","Skewed Student-t"
2000,"std","sstd","skew",NA,1.00128452074797,NA,NA,NA,NA,"Student-t","Skewed Student-t"
2000,"std","std","alpha1",0.15,0.153398701314773,0.00339870131477271,0.0193244652835473,0.000576484246824288,0.0240100863560356,"Student-t","Student-t"
2000,"std","std","beta1",0.9,0.895364644327033,-0.00463535567296739,0.0190913485229776,0.000604939609838369,0.0245955201172565,"Student-t","Student-t"
2000,"std","std","gamma1",0.1,0.0958936761131266,-0.00410632388687343,0.0260944904623599,0.00107551054907169,0.0327949774976549,"Student-t","Student-t"
2000,"std","std","mu",0,0.00039768837009315,0.00039768837009315,0.0103379427876495,0.0001655536993835,0.0128667672468068,"Student-t","Student-t"
2000,"std","std","omega",-0.1,-0.105068135691499,-0.00506813569149903,0.0199515307748836,0.000663266022498019,0.0257539515899603,"Student-t","Student-t"
2000,"std","std","shape",8,8.4924804336332,0.492480433633199,1.21927722465848,3.14711272270081,1.7740103502237,"Student-t","Student-t"
2000,"std","std","skew",NA,NA,NA,NA,NA,NA,"Student-t","Student-t"
